{"datasetName": "mantisTables", "tableName": "2", "header": ["col0", "col1", "col2"], "rows": [{"idRow": 1, "data": ["Neckargem\u00fcnd", "4", "124"]}, {"idRow": 2, "data": ["Biberach (Baden) station", "4", "194"]}, {"idRow": 3, "data": ["Simbach (Inn) station", "3", "347.61"]}], "semanticAnnotations": {"cea": [{"idColumn": 0, "idRow": 1, "entity": [{"id": "Q27907252", "name": "neckargem\u00fcnd", "type": [{"id": "Q1793804", "name": "S-Bahn station"}, {"id": "Q27996466", "name": "Bahnhof (station)"}], "description": "railway station in neckargem\u00fcnd, germany", "match": true, "score": 0.978, "features": [{"id": "delta", "value": 0.798}, {"id": "omega", "value": 0.87}, {"id": "levenshtein_distance", "value": 1}, {"id": "jaccard_distance", "value": 1}, {"id": "popularity", "value": 0}]}, {"id": "Q82927", "name": "neckargem\u00fcnd", "type": [{"id": "Q42744322", "name": "urban municipality in Germany"}], "description": "town in baden-w\u00fcrttemberg, germany", "match": false, "score": 0.18, "features": [{"id": "delta", "value": null}, {"id": "omega", "value": null}, {"id": "levenshtein_distance", "value": 1}, {"id": "jaccard_distance", "value": 1}, {"id": "popularity", "value": 0.05}]}, {"id": "Q32666326", "name": "neckargem\u00fcnd", "type": [{"id": "Q486972", "name": "human settlement"}], "description": "", "match": false, "score": 0.039, "features": [{"id": "delta", "value": null}, {"id": "omega", "value": null}, {"id": "levenshtein_distance", "value": 1}, {"id": "jaccard_distance", "value": 1}, {"id": "popularity", "value": 0}]}]}, {"idColumn": 1, "idRow": 1, "entity": []}, {"idColumn": 2, "idRow": 1, "entity": []}, {"idColumn": 0, "idRow": 2, "entity": [{"id": "Q27478874", "name": "biberach (baden) station", "type": [{"id": "Q27996466", "name": "Bahnhof (station)"}, {"id": "Q55488", "name": "railway station"}], "description": "railway station in germany", "match": true, "score": 0.98, "features": [{"id": "delta", "value": 0.972}, {"id": "omega", "value": 0.975}, {"id": "levenshtein_distance", "value": 1}, {"id": "jaccard_distance", "value": 1}, {"id": "popularity", "value": 0}]}, {"id": "Q9305658", "name": "reichenau (baden) station", "type": [{"id": "Q55488", "name": "railway station"}], "description": "railway station in reichenau, germany", "match": false, "score": 0.008, "features": [{"id": "delta", "value": null}, {"id": "omega", "value": null}, {"id": "levenshtein_distance", "value": 0.72}, {"id": "jaccard_distance", "value": 0.67}, {"id": "popularity", "value": 0}]}, {"id": "Q111810089", "name": "lautenbach (baden) station", "type": [{"id": "Q55488", "name": "railway station"}], "description": "railway station in germany", "match": false, "score": 0.008, "features": [{"id": "delta", "value": null}, {"id": "omega", "value": null}, {"id": "levenshtein_distance", "value": 0.77}, {"id": "jaccard_distance", "value": 0.67}, {"id": "popularity", "value": 0}]}]}, {"idColumn": 1, "idRow": 2, "entity": []}, {"idColumn": 2, "idRow": 2, "entity": []}, {"idColumn": 0, "idRow": 3, "entity": [{"id": "Q26836635", "name": "simbach (inn) station", "type": [{"id": "Q27996466", "name": "Bahnhof (station)"}, {"id": "Q1402443", "name": "border train station"}], "description": "railway station in germany", "match": true, "score": 0.98, "features": [{"id": "delta", "value": 0.969}, {"id": "omega", "value": 0.973}, {"id": "levenshtein_distance", "value": 1}, {"id": "jaccard_distance", "value": 1}, {"id": "popularity", "value": 0}]}, {"id": "Q100323372", "name": "buch (inn) station", "type": [{"id": "Q55488", "name": "railway station"}], "description": "railway station in bavaria", "match": false, "score": 0.011, "features": [{"id": "delta", "value": null}, {"id": "omega", "value": null}, {"id": "levenshtein_distance", "value": 0.81}, {"id": "jaccard_distance", "value": 0.67}, {"id": "popularity", "value": 0}]}, {"id": "Q100323031", "name": "t\u00f6ging (inn) station", "type": [{"id": "Q27996466", "name": "Bahnhof (station)"}], "description": "railway station in bavaria", "match": false, "score": 0.011, "features": [{"id": "delta", "value": null}, {"id": "omega", "value": null}, {"id": "levenshtein_distance", "value": 0.67}, {"id": "jaccard_distance", "value": 0.67}, {"id": "popularity", "value": 0}]}]}, {"idColumn": 1, "idRow": 3, "entity": []}, {"idColumn": 2, "idRow": 3, "entity": []}], "cpa": [{"idSourceColumn": "0", "idTargetColumn": "1", "predicate": "P1103"}, {"idSourceColumn": "0", "idTargetColumn": "2", "predicate": "P1082"}], "cta": [{"idColumn": 0, "types": ["Q27996466"]}]}, "metadata": {"column": [{"idColumn": 0, "tag": "SUBJ"}, {"idColumn": 1, "tag": "LIT"}, {"idColumn": 2, "tag": "LIT"}]}, "status": "DONE", "nrows": 3}